bowler,noball_runs
S Sreesanth,27
I Sharma,21
A Mishra,20
SL Malinga,18
JA Morkel,18
JJ Bumrah,17
UT Yadav,16
SW Tait,14
AB Dinda,14
M Morkel,13
SR Watson,13
B Lee,13
RP Singh,13
MM Patel,11
R Vinay Kumar,10
SK Trivedi,9
JH Kallis,9
MG Johnson,9
A Nehra,9
A Mithun,9
MJ McClenaghan,8
CRD Fernando,8
NM Coulter-Nile,7
CR Brathwaite,7
KA Pollard,7
VY Mahesh,7
Sandeep Sharma,7
DW Steyn,7
Joginder Sharma,7
PJ Sangwan,6
DS Kulkarni,6
VR Aaron,6
Anureet Singh,6
Umar Gul,6
V Kohli,6
P Awana,6
JP Faulkner,5
BB Sran,5
B Kumar,5
A Kumble,5
M Kartik,5
WD Parnell,5
AN Ahmed,5
MS Gony,5
Azhar Mahmood,5
MF Maharoof,5
Y Nagar,4
VRV Singh,4
DP Nannes,4
P Suyal,4
DJ Bravo,4
MA Starc,4
Harmeet Singh,4
Jaskaran Singh,4
L Balaji,4
MM Sharma,4
DR Smith,4
NLTC Perera,3
S Tyagi,3
JO Holder,3
Harbhajan Singh,3
YS Chahal,3
R Shukla,3
AD Russell,3
BW Hilfenhaus,3
R McLaren,3
CH Gayle,3
CH Morris,3
R Dhawan,3
DT Christian,3
Mashrafe Mortaza,2
MR Marsh,2
R Bhatia,2
Mohammed Shami,2
R Rampaul,2
R Ashwin,2
PP Ojha,2
Z Khan,2
J Theron,2
M de Lange,2
DNT Zoysa,2
AB Agarkar,2
AC Thomas,2
B Akhil,2
C de Grandhomme,2
CJ Jordan,2
DE Bollinger,2
DJG Sammy,2
DP Vijaykumar,2
M Ntini,2
IC Pandey,2
JEC Franklin,2
JJ van der Wath,2
K Rabada,2
KC Cariappa,2
LR Shukla,2
M Muralitharan,2
RA Jadeja,2
A Ashish Reddy,2
WPUJC Vaas,2
SB Jakati,2
TG Southee,2
TL Suman,2
T Thushara,2
SP Narine,2
VS Malik,2
Anand Rajan,1
Yuvraj Singh,1
S Nadeem,1
AS Rajpoot,1
Kamran Khan,1
Mohammad Hafeez,1
SJ Srivastava,1
BE Hendricks,1
TP Sudhindra,1
V Sehwag,1
Mohammad Asif,1
SC Ganguly,1
KK Cooper,1
Abdur Razzak,1
MC Henriques,1
MG Neser,1
BAW Mendis,1
BA Bhatt,1
KJ Abbott,1
Sohail Tanvir,1
GB Hogg,1
FH Edwards,1
HH Pandya,1
HV Patel,1
Shahid Afridi,1
IK Pathan,1
Imran Tahir,1
Shoaib Malik,1
J Yadav,1
KH Pandya,1
JDP Oram,1
JE Taylor,1
D du Preez,1
D Wiese,1
JW Hastings,1
D Salunkhe,1
CK Langeveldt,1
KAJ Roach,1
AP Dole,1
GD McGrath,1
YA Abdulla,1
PP Chawla,1
A Singh,1
AD Mathews,1
RR Raje,1
A Symonds,1
RR Powar,1
P Parameswaran,1
WA Mota,1
P Kumar,1
PJ Cummins,1
S Aravind,1
S Kaul,1
Pankaj Singh,1
A Choudhary,1
S Ladda,1
RJ Harris,1
S Kaushik,1
CR Woakes,0
DB Ravi Teja,0
DJ Harris,0
T Henderson,0
T Natarajan,0
A Uniyal,0
DAJ Bracewell,0
T Shamsi,0
A Zampa,0
AA Chavan,0
CL White,0
DJ Hooda,0
AA Jhunjhunwala,0
AA Kazi,0
D Kalyankrishna,0
AM Salvi,0
DJ Thornely,0
DJ Hussey,0
DJ Muthuswami,0
A Chandila,0
FY Fazal,0
A Flintoff,0
YK Pathan,0
F du Plessis,0
Shakib Al Hasan,0
Shivam Sharma,0
Shoaib Ahmed,0
Shoaib Akhtar,0
Y Venugopal Rao,0
Y Gnaneswara Rao,0
A Nel,0
Sunny Gupta,0
DL Vettori,0
DL Chahar,0
Swapnil Singh,0
Washington Sundar,0
AA Noffke,0
TA Boult,0
CK Kapugedera,0
Avesh Khan,0
TS Mills,0
AG Murtaza,0
B Laughlin,0
Tejas Baroka,0
B Geeves,0
AJ Finch,0
B Chipli,0
V Pratap Singh,0
V Shankar,0
GH Vihari,0
Ankit Soni,0
Ankit Sharma,0
AJ Tye,0
AUK Pathan,0
AS Raut,0
AL Menaria,0
AM Nayar,0
AR Patel,0
B Stanlake,0
BA Stokes,0
AB McDonald,0
AC Voges,0
CJ McKay,0
AM Rahane,0
CJ Anderson,0
AC Gilchrist,0
TM Dilshan,0
C Nanda,0
C Munro,0
C Ganapathy,0
Bipul Sharma,0
AF Milne,0
Basil Thampi,0
TM Head,0
BMAJ Mendis,0
BJ Rohrer,0
BJ Hodge,0
AD Mascarenhas,0
BCJ Cutting,0
VS Yeligati,0
RR Bhatkal,0
J Syed Mohammad,0
GJ Maxwell,0
S Randiv,0
P Amarnath,0
NL McCullum,0
NJ Rimmington,0
ND Doshi,0
NB Singh,0
N Rana,0
Mustafizur Rahman,0
Mohammed Siraj,0
Mohammad Nabi,0
S Narwal,0
S Rana,0
MP Stoinis,0
P Prasanth,0
MN Samuels,0
S Sriram,0
S Vidyut,0
MK Tiwary,0
SA Abbott,0
MJ Henry,0
MJ Clarke,0
SA Yadav,0
SB Bangar,0
MB Parmar,0
MA Khote,0
P Negi,0
P Sahu,0
GR Napier,0
R Sathish,0
RN ten Doeschate,0
RJ Peterson,0
RG Sharma,0
RG More,0
RE van der Merwe,0
RD Chahar,0
RA Tripathi,0
RA Shaikh,0
R Tewatia,0
RS Bopara,0
R Sharma,0
RS Gavaskar,0
S Gopal,0
R Ninan,0
RV Gomez,0
RW Price,0
Rashid Khan,0
Parvez Rasool,0
PV Tambe,0
S Badree,0
PM Sarvesh Kumar,0
S Dhawan,0
PD Collingwood,0
PC Valthaty,0
SB Joshi,0
M Vijay,0
SB Styris,0
SS Sarkar,0
SMSM Senanayake,0
JP Duminy,0
SN Thakur,0
JM Kemp,0
SPD Smith,0
SR Tendulkar,0
SS Agarwal,0
JDS Neesham,0
JD Unadkat,0
JD Ryder,0
SS Mundhe,0
RR Bose,0
SB Wagh,0
J Suchith,0
J Botha,0
Iqbal Abdulla,0
ST Jayasuriya,0
STR Binny,0
I Malhotra,0
Harmeet Singh (2),0
Sachin Baby,0
Gurkeerat Singh,0
Gagandeep Singh,0
GS Sandhu,0
JR Hopes,0
SM Pollock,0
SM Harwood,0
K Goel,0
M Manhas,0
SD Chitnis,0
LRPL Taylor,0
SE Bond,0
LPC Silva,0
LMP Simmons,0
LJ Wright,0
LH Ferguson,0
LA Carseldine,0
L Ablish,0
Kuldeep Yadav,0
Karanveer Singh,0
KW Richardson,0
KV Sharma,0
KS Williamson,0
KP Pietersen,0
KP Appanna,0
KMDN Kulasekara,0
SK Raina,0
SK Warne,0
K Upadhyay,0
K Santokie,0
SM Boland,0
M Ashwin,0
